"";"Ime";"Drzava.izvora";"Barva"
"1";"Adalmiina";"USA";"Bela"
"2";"Addoraca";"Italy";"Bela"
"3";"Aidani / Aidini / Aedani";"Greece (Santorini)";"Bela"
"4";"Airén";"Spain";"Bela"
"5";"Alarije / Alarijen";"Spain";"Bela"
"6";"Albalonga";"Germany";"Bela"
"7";"Albana";"Italy";"Bela"
"8";"Albanella";"Italy";"Bela"
"9";"Albanello bianco";"Italy";"Bela"
"10";"Albaranzeuli bianco";"Italy";"Bela"
"11";"Albarello";"Spain";"Bela"
"12";"Albarino / Alvarinho / Cainho branco";"Spain";"Bela"
"13";"Albarola";"Italy";"Bela"
"14";"Albillo";"Spain";"Bela"
"15";"Aligoté";"France (Burgundy)";"Bela"
"16";"Alionza";"Italy (Emilia-Romagna)";"Bela"
"17";"Altesse / Roussette";"France";"Bela"
"18";"Amigne";"Switzerland";"Bela"
"19";"Ansonica / Inzolia";"Italy";"Bela"
"20";"Antao Vaz";"";"Bela"
"21";"Arany sárfehér / Izsáki";"Hungary (Izsák)";"Bela"
"22";"Arbane";"France";"Bela"
"23";"Arbois";"France";"Bela"
"24";"Arilla";"Italy";"Bela"
"25";"Arinto / Assario branco";"Portugal";"Bela"
"26";"Arneis";"Italy";"Bela"
"27";"Arnsburger";"Germany";"Bela"
"28";"Arrufiac / Arrufiat / Ruffiac";"France";"Bela"
"29";"Arvesiniadu";"Italy";"Bela"
"30";"Asprinio bianco";"Italy";"Bela"
"31";"Assyrtiko / Assyrtico";"Greece";"Bela"
"32";"Athiri";"Greece";"Bela"
"33";"Aubin / Aubin blanc";"France";"Bela"
"34";"Aubin vert";"France";"Bela"
"35";"Aurelius";"";"Bela"
"36";"Auxerrois blanc";"France";"Bela"
"37";"Avesso";"Portugal";"Bela"
"38";"Azal branco";"Portugal";"Bela"
"39";"Barcelo";"";"Bela"
"40";"Bacchus";"Germany";"Bela"
"41";"Baco blanc";"France, USA";"Bela"
"42";"Baiyu / Rkatsiteli";"Georgia";"Bela"
"43";"Balzac blanc";"France";"Bela"
"44";"Banat Riesling / Banat Rizling";"";"Bela"
"45";"Baratuciat";"Italy";"Bela"
"46";"Barbera bianca";"Italy";"Bela"
"47";"Bariadorgia";"France/Italy";"Bela"
"48";"Baroque";"France";"Bela"
"49";"Belina";"";"Bela"
"50";"Benedino";"";"Bela"
"51";"Besgano bianco";"Italy";"Bela"
"52";"Bia blanc";"France";"Bela"
"53";"Bianca";"Hungary";"Bela"
"54";"Biancame / Bianchello";"Italy";"Bela"
"55";"Bianchetta Trevigiana";"Italy";"Bela"
"56";"Bianchetti Genovese";"";"Bela"
"57";"Bianco d'Alessano";"Italy";"Bela"
"58";"Biancolella";"Italy";"Bela"
"59";"Biancu Gentile";"";"Bela"
"60";"Biancone di Portoferraio";"Italy / France";"Bela"
"61";"Bical / Borrado das Moscas";"Portugal";"Bela"
"62";"Bigolona";"Italy";"Bela"
"63";"Blatterle";"Italy";"Bela"
"64";"Bratislavské biele";"";"Bela"
"65";"Boais";"";"Bela"
"66";"Bogdanuša";"Croatia";"Bela"
"67";"Bombino bianco";"Italy";"Bela"
"68";"Borba blanca";"Spain";"Bela"
"69";"Bosco";"Italy";"Bela"
"70";"Bourboulenc";"France";"Bela"
"71";"Bouvier";"Slovenia";"Bela"
"72";"Breidecker";"Germany";"Bela"
"73";"Brustiano bianco";"France";"Bela"
"74";"Bual / Boal";"Portugal";"Bela"
"75";"Budai Zöld";"";"Bela"
"76";"Bukettraube";"Germany";"Bela"
"77";"Burger / Monbadon";"France";"Bela"
"78";"Caíno blanco";"Spain / Portugal";"Bela"
"79";"Camaralet";"France";"Bela"
"80";"Canari blanc";"France";"Bela"
"81";"Caprettone";"Italy";"Bela"
"82";"Carica l'Asino";"";"Bela"
"83";"Carignan blanc";"France";"Bela"
"84";"Cascarolo bianco";"Italy";"Bela"
"85";"Catarratto";"Italy";"Bela"
"86";"Cayetana / Calagrano / Jaén blanca / Garrido";"Spain";"Bela"
"87";"Cereza";"Argentina";"Bela"
"88";"Chardonnay";"France";"Bela"
"89";"Chasan";"France";"Bela"
"90";"Chasselas / Fendant / Gutedel / Weisser Gutedel";"Switzerland (?)";"Bela"
"91";"Chenel";"South Africa";"Bela"
"92";"Chenin blanc / Pineau de la Loire / Steen";"France";"Bela"
"93";"Clairette";"France";"Bela"
"94";"Claret de Gers / Claret de Gascogne";"";"Bela"
"95";"Claverie";"France";"Bela"
"96";"Cococciola";"Italy";"Bela"
"97";"Cocur";"";"Bela"
"98";"Coda di Pecora";"Italy";"Bela"
"99";"Coda di Volpe / Guarnaccia bianca";"Italy";"Bela"
"100";"Colombard";"France";"Bela"
"101";"Completer";"Switzerland";"Bela"
"102";"Cortese";"Italy";"Bela"
"103";"Crato / Crato bianco";"";"Bela"
"104";"Courbu / Xuri Zerratua / Bordelesa Zuri";"France";"Bela"
"105";"Criolla Grande";"Argentina";"Bela"
"106";"Crouchen / Clare Riesling / Cape Riesling";"France";"Bela"
"107";"Pearl of Csaba";"Hungary";"Bela"
"108";"Cserszegi Fűszeres";"Hungary";"Bela"
"109";"Cygne blanc";"Australia";"Bela"
"110";"Dattier";"";"Bela"
"111";"Debina";"Greece";"Bela"
"112";"Debit";"Croatia";"Bela"
"113";"Diagalves";"";"Bela"
"114";"Dimiat";"Bulgaria";"Bela"
"115";"Dinka";"Hungary";"Bela"
"116";"Dona blanca";"Spain / Portugal";"Bela"
"117";"Donzelinho branco";"Portugal";"Bela"
"118";"Doradillo";"Spain";"Bela"
"119";"Drupeggio";"Italy";"Bela"
"120";"Durella";"Italy";"Bela"
"121";"Ehrenfelser";"Germany";"Bela"
"122";"Elbling";"Germany / Luxembourg";"Bela"
"123";"Emerald Riesling";"USA";"Bela"
"124";"Emir Karasi";"";"Bela"
"125";"Encruzado";"Portugal";"Bela"
"126";"Erbaluce";"Italy";"Bela"
"127";"Esquitxagos";"";"Bela"
"128";"Ezerjó";"Hungary";"Bela"
"129";"Faber / Faberrebe";"Germany";"Bela"
"130";"Falanghina";"Italy";"Bela"
"131";"False Pedro / Pedro Luis / Canocazo";"";"Bela"
"132";"Farana";"";"Bela"
"133";"Favorita";"Italy";"Bela"
"134";"Fernao Pires / Fernao Pires";"Portugal";"Bela"
"135";"Ferral";"";"Bela"
"136";"Fetească albă / Fetiaska / Leanyka";"Romania";"Bela"
"137";"Fetească regală";"Romania / Moldova";"Bela"
"138";"Fiano";"Italy";"Bela"
"139";"Fié / Fiét / Fié gris";"";"Bela"
"140";"Findling";"Germany";"Bela"
"141";"Flora";"United States";"Bela"
"142";"Fologosao";"";"Bela"
"143";"Folle blanche / Gros Plant / Piquepoult";"France";"Bela"
"144";"Forastera";"Italy";"Bela"
"145";"Forastera (Spanish grape)";"Spain";"Bela"
"146";"Francavida";"";"Bela"
"147";"Francusa";"";"Bela"
"148";"Freisamer / Freiburger";"Germany";"Bela"
"149";"Fromenteau";"France";"Bela"
"150";"Furmint / Mosler / Sipon";"Hungary";"Bela"
"151";"Galego Dourado";"";"Bela"
"152";"Garganega / Grecanico / Grecanio";"Italy";"Bela"
"153";"Garnacha blanca / Grenache blanc";"Spain";"Bela"
"154";"Gellewza";"Malta";"Bela"
"155";"Gewürztraminer / Tramini / Traminac";"France";"Bela"
"156";"Giró blanc";"Spain";"Bela"
"157";"Gloria";"";"Bela"
"158";"Godello";"Spain";"Bela"
"159";"Goldburger";"Austria";"Bela"
"160";"Goldriesling";"France";"Bela"
"161";"Gouais blanc";"";"Bela"
"162";"Graisse / Plant de Graisse";"France";"Bela"
"163";"Grasă de Cotnari";"Romania / Moldova";"Bela"
"164";"Grechetto";"Greece";"Bela"
"165";"Greco bianco";"Greece";"Bela"
"166";"Green Hungarian";"Hungary";"Bela"
"167";"Grenache blanc / Garnacha blanca";"Spain";"Bela"
"168";"Grenache gris";"Spain";"Bela"
"169";"Grignolino";"Italy";"Bela"
"170";"Grillo / Riddu / Rossese bianco";"Italy";"Bela"
"171";"Grasa / Grasa de Cotnari";"Romania";"Bela"
"172";"Grk Bijeli";"Croatia";"Bela"
"173";"Grolleau gris";"France";"Bela"
"174";"Gros Manseng / Izkiriota Handi";"France";"Bela"
"175";"Grüner Veltliner";"Austria(?)";"Bela"
"176";"Guardavalle";"";"Bela"
"177";"Gutenborner";"Germany";"Bela"
"178";"Hárslevelű";"Hungary";"Bela"
"179";"Hondarrabi Zuri";"Spain";"Bela"
"180";"Humagne Blanche";"Switzerland";"Bela"
"181";"Huxelrebe / Courtillier Musqué";"Germany";"Bela"
"182";"Incrocio Manzoni";"Italy";"Bela"
"183";"Irsai Oliver / Irsay Oliver / Irsai Olivér";"Hungary";"Bela"
"184";"Italia";"Italy";"Bela"
"185";"Jacquere";"France";"Bela"
"186";"Jampal";"";"Bela"
"187";"Juhfark";"Hungary";"Bela"
"188";"Juwel";"Germany";"Bela"
"189";"Kanzler";"Germany";"Bela"
"190";"Keknyelu / Kéknyelű";"Hungary";"Bela"
"191";"Kerner";"Germany";"Bela"
"192";"Knipperle / Klein Rauschling";"France";"Bela"
"193";"Koshu";"Japan";"Bela"
"194";"Kövérszőlő";"Romania / Hungary";"Bela"
"195";"Karija l'Osü";"";"Bela"
"196";"Krstač";"Serbia / Montenegro";"Bela"
"197";"Kujundžuša";"";"Bela"
"198";"Ladikino";"";"Bela"
"199";"Lado";"";"Bela"
"200";"Lagarino bianco";"Italy";"Bela"
"201";"Lagorthi";"Greece";"Bela"
"202";"Lauzet";"France";"Bela"
"203";"Len de l'El / Len de l'Elh / Loin-de-l'oeil";"France";"Bela"
"204";"Loureira";"Spain";"Bela"
"205";"Luglienga";"Italy";"Bela"
"206";"Lumassina";"";"Bela"
"207";"Macabeo / Macabeu / Alcanón / Viura";"Spain";"Bela"
"208";"Maceratino";"Italy";"Bela"
"209";"Madeleine Angevine";"France";"Bela"
"210";"Majarcă Albă";"";"Bela"
"211";"Malagousia / Malagoussia";"Greece";"Bela"
"212";"Malvar";"Spain";"Bela"
"213";"Malvasia, includes several sub-varieties";"Greece";"Bela"
"214";"Mantonico bianco";"Italy";"Bela"
"215";"Manteudo";"";"Bela"
"216";"Maria Gomes / Fernao Pires";"Portugal";"Bela"
"217";"Marsanne";"France";"Bela"
"218";"Marzemina bianca";"Italy";"Bela"
"219";"Mauzac";"France";"Bela"
"220";"Melon de Bourgogne / Muscadet";"France";"Bela"
"221";"Merlot blanc";"France";"Bela"
"222";"Merseguera / Escanyavella / Verdil / Verdosilla";"Spain";"Bela"
"223";"Meslier St-François";"France";"Bela"
"224";"Mezesfehér";"";"Bela"
"225";"Minella bianca";"Italy";"Bela"
"226";"Miousap";"";"Bela"
"227";"Molette";"France";"Bela"
"228";"Moll";"";"Bela"
"229";"Montonico bianco";"Greece";"Bela"
"230";"Montu";"Italy";"Bela"
"231";"Morio-Muskat";"Germany";"Bela"
"232";"Moscatel Rosada";"";"Bela"
"233";"Moscato Giallo";"Italy or Middle East.";"Bela"
"234";"Moschofilero / Moscophilero";"Greece";"Bela"
"235";"Mtsvane";"Georgia";"Bela"
"236";"Müller-Thurgau / Rivaner";"Switzerland";"Bela"
"237";"Muscadelle (Tokay in Australia)";"France";"Bela"
"238";"Muscat / Moscato / Misket";"";"Bela"
"239";"Muscat of Alexandria / Moscatell / Moscatel de Málaga, de Setúbal";"Egypt";"Bela"
"240";"Muscat Blanc a Petits Grains / Muscat Frontignan / Muskateller / Moscatel branco / Frontignan";"Greece";"Bela"
"241";"Muscat Ottonel";"France";"Bela"
"242";"Nasco";"Italy";"Bela"
"243";"Neherleschol";"";"Bela"
"244";"Neuburger";"Austria";"Bela"
"245";"Nobling";"Germany";"Bela"
"246";"Nosiola";"Italy";"Bela"
"247";"Nuragus";"Italy";"Bela"
"248";"Ondenc";"France";"Bela"
"249";"Optima";"Germany";"Bela"
"250";"Oraniensteiner";"";"Bela"
"251";"Orion";"Germany";"Bela"
"252";"Ortega";"Germany";"Bela"
"253";"Ortrugo";"Italy";"Bela"
"254";"Oz";"";"Bela"
"255";"Pagedebit";"";"Bela"
"256";"Pallagrello bianco";"Italy";"Bela"
"257";"Palomino / Listan / Perrum";"Portugal";"Bela"
"258";"Pampanuto / Pampanino";"Italy";"Bela"
"259";"Parč";"";"Bela"
"260";"Pardillo / Pardina";"Spain";"Bela"
"261";"Parellada";"Spain";"Bela"
"262";"Pascal blanc";"France";"Bela"
"263";"Passerina";"Italy";"Bela"
"264";"Pecorino / Pecorello";"Italy";"Bela"
"265";"Pedro Giménez";"Argentina";"Bela"
"266";"Pedro Ximénez/ PX / Alamís";"Spain";"Bela"
"267";"Perle";"Germany";"Bela"
"268";"Petit Courbu";"France";"Bela"
"269";"Petit Manseng / Izkiriota Ttipi";"France";"Bela"
"270";"Petit Meslier";"France";"Bela"
"271";"Petite Arvine";"Switzerland";"Bela"
"272";"Picardin / Picardan / Aragnan blanc";"France";"Bela"
"273";"Picolit / Piccolit / Piccolito";"Italy";"Bela"
"274";"Picpoul / Piquepoul blanc / Piquepoul gris";"France";"Bela"
"275";"Pigato";"Italy";"Bela"
"276";"Pignerol";"";"Bela"
"277";"Pignoletto";"";"Bela"
"278";"Pinella";"Slovenia";"Bela"
"279";"Pinot blanc / Pinot bianco / Klevner / Weissburgunder";"Unknown";"Bela"
"280";"Pinot gris / Pinot grigio / Grauburgunder / Malvoisie / Pinot jaune / Szürkebarát";"France";"Bela"
"281";"Planta Fina";"";"Bela"
"282";"Planta Nova";"";"Bela"
"283";"Plavai / Plavay";"Moldova";"Bela"
"284";"Pošip";"Croatia";"Bela"
"285";"Prié blanc / Blanc de Morgex";"Italy";"Bela"
"286";"Prosecco / Glera";"Italy";"Bela"
"287";"Prunesta";"Italy";"Bela"
"288";"Rabigato";"";"Bela"
"289";"Rabo de Ovelha";"Portugal";"Bela"
"290";"Raisin blanc";"";"Bela"
"291";"Rauschling / Rauschling";"Germany";"Bela"
"292";"Regner";"Germany";"Bela"
"293";"Reichensteiner";"Germany";"Bela"
"294";"Retagliado bianco";"Italy.";"Bela"
"295";"Reze";"Switzerland";"Bela"
"296";"Ribolla Gialla / Robola";"Greece";"Bela"
"297";"Riesling / Johannisberg Riesling / Rheinriesling / Klingelberger";"Germany";"Bela"
"298";"Rieslaner";"Germany";"Bela"
"299";"Rkatsiteli";"Georgia";"Bela"
"300";"Robola";"Greece";"Bela"
"301";"Roditis / Rhoditis";"Greece";"Bela"
"302";"Rollo";"";"Bela"
"303";"Romorantin";"France";"Bela"
"304";"Rossese bianco";"Italy";"Bela"
"305";"Roter Veltliner";"Austria";"Bela"
"306";"Rotgipfler";"Austria";"Bela"
"307";"Roupeiro / Codega";"Portugal";"Bela"
"308";"Roussanne";"France";"Bela"
"309";"Rovello bianco";"";"Bela"
"310";"Sabro";"";"Bela"
"311";"Sacy / Tresallier";"France(?)";"Bela"
"312";"Ste Marie";"";"Bela"
"313";"Saint-Pierre Doré";"France";"Bela"
"314";"Sarfeher / Sárfehér";"Hungary";"Bela"
"315";"Sauvignon blanc / Sauvignon gris";"France";"Bela"
"316";"Sauvignon vert / Sauvignonasse / Friulano / Tocai Friulano";"Italy";"Bela"
"317";"Savagnin / Savagnin blanc / Traminer";"France";"Bela"
"318";"Savatiano";"Greece";"Bela"
"319";"Scheurebe";"Germany";"Bela"
"320";"Schönburger";"Germany";"Bela"
"321";"Sémillon";"France";"Bela"
"322";"Septiner";"";"Bela"
"323";"Sercial / Cerceal / Esgana Cao / Esgana";"Portugal";"Bela"
"324";"Sereksia / Băbească albă";"Moldavia / Romania";"Bela"
"325";"Sideritis";"";"Bela"
"326";"Siegerrebe";"Germany";"Bela"
"327";"Silvaner / Sylvaner / Österreicher";"Central Europe";"Bela"
"328";"Mátrai Muskotály";"Hungary";"Bela"
"329";"Smederevka";"Serbia";"Bela"
"330";"Souvignier gris";"Germany";"Bela"
"331";"Spagnol";"";"Bela"
"332";"Sultana";"Ottoman Empire";"Bela"
"333";"Symphony";"USA";"Bela"
"334";"Tamarez / Tamares / Crato branco";"";"Bela"
"335";"Tamîioasa / Tămâioasă Românească / Tamianka";"";"Bela"
"336";"Taminga";"Australia";"Bela"
"337";"Tempranillo blanco";"Spain";"Bela"
"338";"Téoulier";"France";"Bela"
"339";"Terrantez";"Portugal";"Bela"
"340";"Terret gris";"France";"Bela"
"341";"Timorasso";"Italy";"Bela"
"342";"Torrontés / Torontel / Moscatel de Austria";"Argentina";"Bela"
"343";"Tourbat / Torbato";"France";"Bela"
"344";"Trbljan";"";"Bela"
"345";"Trebbiano / Ugni blanc";"Italy";"Bela"
"346";"Treixadura / Trajadura";"Portugal";"Bela"
"347";"Trousseau gris / Grey Riesling";"France";"Bela"
"348";"Tsaoussi";"";"Bela"
"349";"Tsolikauri";"Georgia";"Bela"
"350";"Vega";"Italy";"Bela"
"351";"Verdea";"Italy";"Bela"
"352";"Verdeca";"Italy";"Bela"
"353";"Verdejo";"North Africa, Spain";"Bela"
"354";"Verdelho / Gouveio / Verdello";"Portugal";"Bela"
"355";"Verdello";"Italy";"Bela"
"356";"Verdesse";"France";"Bela"
"357";"Verdicchio";"Italy";"Bela"
"358";"Verdiso / Verdia";"Italy";"Bela"
"359";"Verdoncho";"";"Bela"
"360";"Verduzzo";"Italy";"Bela"
"361";"Verduzzo Trevigiano";"Italy";"Bela"
"362";"Vermentino / Rolle";"Italy";"Bela"
"363";"Vernaccia";"Europe";"Bela"
"364";"Vernaccia di Oristano";"Italy";"Bela"
"365";"Veroga";"";"Bela"
"366";"Versoaln";"Disputed";"Bela"
"367";"Vespaiola";"Italy";"Bela"
"368";"Vilana";"Greece";"Bela"
"369";"Vinhao";"";"Bela"
"370";"Viognier";"Croatia, France";"Bela"
"371";"Viosinho";"Portugal";"Bela"
"372";"Vital (grape)";"Portgugal";"Bela"
"373";"Vitovska";"Slovenia";"Bela"
"374";"Voskehat";"";"Bela"
"375";"Vugava";"Croatia";"Bela"
"376";"Weldra";"South Africa";"Bela"
"377";"Welschriesling / Riesling Italico / Olaszrizling / Lazki Rizling / Graševina";"Central Europe";"Bela"
"378";"Würzer";"Germany";"Bela"
"379";"Xarel·lo / Xarello";"Spain";"Bela"
"380";"Xynisteri";"Cyprus";"Bela"
"381";"Zala Gyöngye";"Hungary";"Bela"
"382";"Zalema";"Spain";"Bela"
"383";"Zefir";"Hungary";"Bela"
"384";"Zenit";"Hungary";"Bela"
"385";"Zengő";"Hungary";"Bela"
"386";"Zéta / Orémus";"Hungary";"Bela"
"387";"Zeusz";"Hungary";"Bela"
"388";"Zierfandler / Spätrot";"Austria";"Bela"
"389";"Žilavka";"Bosnia and Herzegovina";"Bela"
"390";"Žlahtina";"";"Bela"
"391";"Abbuoto";"Italy, Lazio";"Rdeca"
"392";"Abouriou";"France, Southwest";"Rdeca"
"393";"Aladasturi";"Georgia western parts.";"Rdeca"
"394";"Alexandroouli";"Georgia";"Rdeca"
"395";"Akhasheni";"Georgia Eastern parts.";"Rdeca"
"396";"Abrusco";"Italy, Tuscany";"Rdeca"
"397";"Acolon";"Germany";"Rdeca"
"398";"Ada Karasi";"Turkey";"Rdeca"
"399";"Affenthaler";"Germany";"Rdeca"
"400";"Agiorgitiko";"Greece";"Rdeca"
"401";"Aglianico";"Italy, Basilicata and Campania";"Rdeca"
"402";"Aglianicone";"Italy, Basilicata and Campania";"Rdeca"
"403";"Agni (grape) (cs)";"Czech Republic";"Rdeca"
"404";"Agronomica";"Portugal";"Rdeca"
"405";"Agua Santa";"Portugal";"Rdeca"
"406";"Aidani Mavro";"Greece";"Rdeca"
"407";"Aladasturi";"Georgia";"Rdeca"
"408";"Albaranzeuli nero";"Italy, Sardinia";"Rdeca"
"409";"Albarossa";"Italy, Veneto region";"Rdeca"
"410";"Aleatico";"Italy";"Rdeca"
"411";"Alexandroouli";"Georgia";"Rdeca"
"412";"Alexander";"United States";"Rdeca"
"413";"Alfrocheiro";"Portugal";"Rdeca"
"414";"Alicante Henri Bouschet";"France";"Rdeca"
"415";"Allegro";"Germany";"Rdeca"
"416";"Amaral";"Portugal";"Rdeca"
"417";"Ancellotta";"Spain";"Rdeca"
"418";"André (grape) (cs)";"Czech Republic";"Rdeca"
"419";"Antey Magarachsky";"Ukraine";"Rdeca"
"420";"Aragónez";"Spain";"Rdeca"
"421";"Aramon Noir";"France, Languedoc";"Rdeca"
"422";"Areni";"Armenia";"Rdeca"
"423";"Argaman";"Israel";"Rdeca"
"424";"Argant";"Spain";"Rdeca"
"425";"Arinarnoa";"France";"Rdeca"
"426";"Arinto de Bucelas";"Portugal";"Rdeca"
"427";"Arnsburger";"Germany";"Rdeca"
"428";"Arrouya";"France, Jurançon AOC";"Rdeca"
"429";"Ashughaji";"Georgia";"Rdeca"
"430";"Aspiran Bouschet";"France, Languedoc";"Rdeca"
"431";"Aspiran Noir";"France";"Rdeca"
"432";"Assario";"Portugal";"Rdeca"
"433";"Asuretuli Shavi";"Georgia";"Rdeca"
"434";"Aubun";"France, Rhone valley";"Rdeca"
"435";"Avana";"Italy, Piedmont";"Rdeca"
"436";"Avarengo";"Italy, Piedmont";"Rdeca"
"437";"Avgoustiatis";"Greece";"Rdeca"
"438";"Băbească neagră";"Romania";"Rdeca"
"439";"Babić";"Croatia";"Rdeca"
"440";"Bachet Noir";"France";"Rdeca"
"441";"Baco Noir";"France";"Rdeca"
"442";"Baga";"Portugal";"Rdeca"
"443";"Barbera";"Italy";"Rdeca"
"444";"Barbera del Sannio";"Italy, Campania";"Rdeca"
"445";"Barbera Sarda";"Italy, Sardinia";"Rdeca"
"446";"Barsaglina";"Italy, Tuscany and Liguria";"Rdeca"
"447";"Bastardo Magarachsky";"Ukraine";"Rdeca"
"448";"Beaunoir";"France";"Rdeca"
"449";"Béclan";"France";"Rdeca"
"450";"Beichun";"China";"Rdeca"
"451";"Bekari";"Greece";"Rdeca"
"452";"Belat";"Spain";"Rdeca"
"453";"Béquignol Noir";"France";"Rdeca"
"454";"Biborkadarka";"Hungary";"Rdeca"
"455";"Black Queen";"Japan";"Rdeca"
"456";"Blatina";"Bosnia & Herzegovina";"Rdeca"
"457";"Blauburger";"Austria";"Rdeca"
"458";"Blauer Arbst (Pinot Noir)";"France";"Rdeca"
"459";"Blauer Wildbacher";"Austria";"Rdeca"
"460";"Blaufränkisch (Limberger)";"Austria";"Rdeca"
"461";"Bobal";"Spain, Utiel-Requena";"Rdeca"
"462";"Bogazkere";"Turkey, Elazig Province";"Rdeca"
"463";"Bombino Nero";"Italy";"Rdeca"
"464";"Bonamico";"Italy, Tuscany";"Rdeca"
"465";"Bonarda Piemontese";"Italy, Piedmont";"Rdeca"
"466";"Bonda";"Italy, Valle d'Aosta";"Rdeca"
"467";"Bondola";"Switzerland, Ticino";"Rdeca"
"468";"Bondoletta";"Switzerland";"Rdeca"
"469";"Bonicaire";"Spain";"Rdeca"
"470";"Bonvedro";"Spain";"Rdeca"
"471";"Borba";"Portugal";"Rdeca"
"472";"Borracal";"Portugal";"Rdeca"
"473";"Bouchales";"France, Gironde";"Rdeca"
"474";"Bourrisquou";"France";"Rdeca"
"475";"Bouteillan Noir";"Italy";"Rdeca"
"476";"Bovale Grande";"Italy, Sardinia";"Rdeca"
"477";"Bovale Sardo";"Spain";"Rdeca"
"478";"Bracciola Nera";"Italy, Liguria";"Rdeca"
"479";"Brachetto del Piemonte";"Italy, Piedmont";"Rdeca"
"480";"Brancellao";"Portugal";"Rdeca"
"481";"Braquet Noir";"France";"Rdeca"
"482";"Brugnola";"Italy, Lombardy";"Rdeca"
"483";"Brujidera";"Portugal";"Rdeca"
"484";"Brun Argenté";"France";"Rdeca"
"485";"Brun Fourca";"France, Palette AOC";"Rdeca"
"486";"Brunal";"Portugal";"Rdeca"
"487";"Brunello";"Italy";"Rdeca"
"488";"Bubbierasco";"Italy, Piedmont";"Rdeca"
"489";"Buket";"Bulgaria";"Rdeca"
"490";"Busuioaca de Bohotin";"Greece";"Rdeca"
"491";"Caberinta";"Argentina";"Rdeca"
"492";"Cabernet Carbon";"Germany";"Rdeca"
"493";"Cabernet Carol";"Germany";"Rdeca"
"494";"Cabernet Colonjes";"Switzerland";"Rdeca"
"495";"Cabernet Cortis";"Germany";"Rdeca"
"496";"Cabernet Cubin";"Germany";"Rdeca"
"497";"Cabernet Dorio";"Germany";"Rdeca"
"498";"Cabernet Dorsa";"Germany";"Rdeca"
"499";"Cabernet Franc";"France, Loire Valley";"Rdeca"
"500";"Cabernet Gernischt";"France";"Rdeca"
"501";"Cabernet Jura";"Switzerland";"Rdeca"
"502";"Cabernet Mitos";"Germany, Württemberg (wine region)";"Rdeca"
"503";"Cabernet Moravia (cs)";"Czech Republic";"Rdeca"
"504";"Cabernet Pfeffer";"United States";"Rdeca"
"505";"Cabernet Sauvignon";"France";"Rdeca"
"506";"Cabernet Severny";"Russia";"Rdeca"
"507";"Cabertin";"";"Rdeca"
"508";"Caddiu";"Italy, Sicily";"Rdeca"
"509";"Cagnulari";"Spain, Rioja";"Rdeca"
"510";"Caino Bravo";"Portugal";"Rdeca"
"511";"Caino Tinto";"Portugal";"Rdeca"
"512";"Calabrese";"Italy";"Rdeca"
"513";"Calabrese di Montenuovo";"Italy";"Rdeca"
"514";"Caladoc";"France, Languedoc";"Rdeca"
"515";"Calandro";"Germany";"Rdeca"
"516";"Calitor Noir";"France, Provence wine";"Rdeca"
"517";"Çalkarasi";"Turkey";"Rdeca"
"518";"Callet";"Spain";"Rdeca"
"519";"Caloria";"Italy, Tuscany";"Rdeca"
"520";"Camaraou Noir";"France";"Rdeca"
"521";"Camarate";"Portugal";"Rdeca"
"522";"Camarese";"France";"Rdeca"
"523";"Campbell Early";"United States";"Rdeca"
"524";"Canaiolo Nero";"Italy, Tuscan wine";"Rdeca"
"525";"Canari Noir";"France";"Rdeca"
"526";"Canina Nera";"Italy, Emilia-Romagna";"Rdeca"
"527";"Cannamela";"Italy";"Rdeca"
"528";"Carcajolo Nero";"Italy, Sardinia";"Rdeca"
"529";"Caricagiola";"Italy";"Rdeca"
"530";"Carignan";"Spain, Zaragoza";"Rdeca"
"531";"Carinena";"France";"Rdeca"
"532";"Carménere";"France, Médoc";"Rdeca"
"533";"Carmine";"United States";"Rdeca"
"534";"Carminoir";"Switzerland";"Rdeca"
"535";"Carnelian";"USA, California";"Rdeca"
"536";"Carrasquin";"Spain";"Rdeca"
"537";"Casavecchia";"Italy";"Rdeca"
"538";"Cascade";"France";"Rdeca"
"539";"Casculho";"Portugal";"Rdeca"
"540";"Casetta";"Italy";"Rdeca"
"541";"Castagnara";"Italy";"Rdeca"
"542";"Castelao";"Portugal";"Rdeca"
"543";"Castets";"France, Aveyron";"Rdeca"
"544";"Castiglione";"Italy";"Rdeca"
"545";"Catalanesca";"Italy";"Rdeca"
"546";"Catanese Nero";"Italy, Sicily";"Rdeca"
"547";"Cavrara";"Italy";"Rdeca"
"548";"Centesimino";"Italy";"Rdeca"
"549";"Centurian";"USA, California";"Rdeca"
"550";"Cereza";"";"Rdeca"
"551";"Cesanese";"Italy, Lazio";"Rdeca"
"552";"César";"France, Burgundy wine";"Rdeca"
"553";"Cevat Kara";"Ukraine";"Rdeca"
"554";"Chambourcin";"France";"Rdeca"
"555";"Charbono";"France, Italy";"Rdeca"
"556";"Chancellor";"France";"Rdeca"
"557";"Charentsi";"Armenia";"Rdeca"
"558";"Chatus";"France";"Rdeca"
"559";"Chelois";"France";"Rdeca"
"560";"Chenanson";"France";"Rdeca"
"561";"Chichaud";"France";"Rdeca"
"562";"Chidiriotiko";"Greece";"Rdeca"
"563";"Chisago";"United States";"Rdeca"
"564";"Chkhaveri";"Georgia";"Rdeca"
"565";"Chondromavro";"Greece";"Rdeca"
"566";"Cianorie";"Italy";"Rdeca"
"567";"Cienna";"Australia";"Rdeca"
"568";"Ciliegiolo";"Italy";"Rdeca"
"569";"Cinsaut";"France, Languedoc-Roussillon";"Rdeca"
"570";"Colombana nera";"Italy, Tuscany and Emilia-Romagna";"Rdeca"
"571";"Colorino";"Italy, Tuscany";"Rdeca"
"572";"Complexa";"Portugal";"Rdeca"
"573";"Cornalin see Rouge du Pays";"Switzerland, Valais";"Rdeca"
"574";"Cornifesto";"Portugal";"Rdeca"
"575";"Corvina / Corvinone";"Italy, Veneto wine";"Rdeca"
"576";"Counoise";"France, Rhône wine";"Rdeca"
"577";"Croatina";"Italy, Lombardia (wine)";"Rdeca"
"578";"Darnekuša";"Croatia, Hvar";"Rdeca"
"579";"Dobričić";"Croatia, Šolta";"Rdeca"
"580";"Dolcetto";"Italy, Piedmont";"Rdeca"
"581";"Domina";"Germany, Palatinate (wine region)";"Rdeca"
"582";"Dornfelder";"Germany, Württemberg (wine region)";"Rdeca"
"583";"Douce noir/Charbono/Bonarda/Turca";"France, Savoy wine, California, Argentina";"Rdeca"
"584";"Douce Noire grise";"France";"Rdeca"
"585";"Dunkelfelder";"Germany";"Rdeca"
"586";"Duras";"France, Tarn (river)";"Rdeca"
"587";"Dureza";"France, Ardeche";"Rdeca"
"588";"Durif / Petite Sirah";"France, Montpellier";"Rdeca"
"589";"Ederena";"France";"Rdeca"
"590";"Enfariné noir";"France, Jura";"Rdeca"
"591";"Espadeiro";"Portugal, Minho VR";"Rdeca"
"592";"Étraire";"France, Rhone, Savoy";"Rdeca"
"593";"Fer";"France, South West France (wine region)";"Rdeca"
"594";"Ferrón";"Spain, Galicia";"Rdeca"
"595";"Fetească neagră";"Romania";"Rdeca"
"596";"Forcallat tinta";"Spain, Castile-La Mancha";"Rdeca"
"597";"Fortana";"Italy, Emilia-Romagna";"Rdeca"
"598";"Frappato";"Italy, Sicily";"Rdeca"
"599";"Freisa";"Italy, Piedmont";"Rdeca"
"600";"Frühroter Veltliner";"Austria, Weinviertel";"Rdeca"
"601";"Fumin";"Italy, Valle d'Aosta DOC";"Rdeca"
"602";"Gaglioppo";"Italy, Calabria";"Rdeca"
"603";"Gamashara";"Azerbaijan";"Rdeca"
"604";"Gamay / Gamay noir";"France, Loire valley";"Rdeca"
"605";"Gamaret";"Switzerland";"Rdeca"
"606";"Garanoir";"Switzerland";"Rdeca"
"607";"Garnatxa / Grenache / Garnacha / Cannonau /Lladoner Pelut / Lledoner Pelut";"Spain";"Rdeca"
"608";"Giro";"Italy, Sardinia";"Rdeca"
"609";"Gouget noir";"France";"Rdeca"
"610";"Graciano/ Moristel/ Juan Ibánez / Miguel del Arco";"Spain, Rioja";"Rdeca"
"611";"Grand noir de la Calmette";"France";"Rdeca"
"612";"Grisa nera";"Italy, Piedmont";"Rdeca"
"613";"Greco nero";"Italy";"Rdeca"
"614";"Grignolino";"Italy, Piedmont";"Rdeca"
"615";"Gropello";"Italy, Lombardia (wine)";"Rdeca"
"616";"Grolleau / Groslot";"France, Loire valley";"Rdeca"
"617";"Gros Verdot";"France, Gironde";"Rdeca"
"618";"Gueuche noir";"France, Franche-Comté";"Rdeca"
"619";"Helfensteiner";"Germany";"Rdeca"
"620";"Heroldrebe";"Germany";"Rdeca"
"621";"Hondarribi Beltza";"Spain, Basque";"Rdeca"
"622";"Hron";"Slovakia";"Rdeca"
"623";"Humagne Rouge / Cornalin d'Aoste";"Italy, Aosta";"Rdeca"
"624";"Joubertin / Jaubertin";"France, Savoy wine";"Rdeca"
"625";"Juan Garcia";"Spain, Galicia (Spain)";"Rdeca"
"626";"Jurancon noir";"France, Southwest";"Rdeca"
"627";"Kadarka";"Hungary";"Rdeca"
"628";"Kakhet";"Armenia";"Rdeca"
"629";"Kalecik Karasi";"Turkey, Ankara Province";"Rdeca"
"630";"Kindzmarauli/ Saperavi";"Georgia";"Rdeca"
"631";"Kotsifali";"Greek, Crete";"Rdeca"
"632";"Krasnostop Zolotovsky";"Russia, Rostov Oblast and Krasnodar Krai";"Rdeca"
"633";"Kratosija";"Macedonia";"Rdeca"
"634";"Lacrima di Morro / Lacrima nera";"Italy, Marche";"Rdeca"
"635";"Lagrein";"Italy, South Tyrol";"Rdeca"
"636";"Lambrusco";"Italy, Emilia-Romagna";"Rdeca"
"637";"Liatiko";"Greece, Crete";"Rdeca"
"638";"Limnio";"Greece, Lemnos";"Rdeca"
"639";"Listan negro";"Spain, Canary Islands";"Rdeca"
"640";"Madrasa/ Matrassa";"Azerbaijani wine";"Rdeca"
"641";"Magarach Bastardo/Bastardo Magarach";"Ukraine";"Rdeca"
"642";"Magaratch Ruby / Magarach Ruby";"Ukraine";"Rdeca"
"643";"Magliocco Canino/Maiolica";"Italy, Calabrian wine";"Rdeca"
"644";"Magliocco Dolce/Marsigliana nera";"Italy, Calabria";"Rdeca"
"645";"Magyarfrankos";"Hungary";"Rdeca"
"646";"Malbec / Auxerrois / Cot";"France";"Rdeca"
"647";"Malvasia di Schierano/Malvasia nera";"Greece";"Rdeca"
"648";"Mammolo";"Italy, Tuscany";"Rdeca"
"649";"Mandelaria / Mandelari / Amorghiano";"Greece";"Rdeca"
"650";"Mandolari";"Greece";"Rdeca"
"651";"Manseng noir";"France, Basque Country (greater region)";"Rdeca"
"652";"Manto negro";"Spain, Majorca";"Rdeca"
"653";"Mara";"Switzerland";"Rdeca"
"654";"Maratheftiko";"Cyprus";"Rdeca"
"655";"Marselan";"France, Languedoc";"Rdeca"
"656";"Marsigliana";"Italy, Calabrian wine";"Rdeca"
"657";"Marzemino";"Italy, South Tyrol";"Rdeca"
"658";"Mauzac noir";"Southwest France";"Rdeca"
"659";"Mavro";"Cyprus";"Rdeca"
"660";"Mavrodafni/ Mavrodaphne";"Greece, Achaea";"Rdeca"
"661";"Mavrud / Mavroudi";"Bulgaria, Thrace";"Rdeca"
"662";"Mayorquin";"France, Provence wine";"Rdeca"
"663";"Meghrabujr";"Armenia";"Rdeca"
"664";"Melnik";"Bulgaria";"Rdeca"
"665";"Mencia/ Jaen";"Spain, Galicia";"Rdeca"
"666";"Merenzao";"Spain, Galicia, Valdeorras (DO)";"Rdeca"
"667";"Merille";"France, South West France (wine region)";"Rdeca"
"668";"Merlot";"France";"Rdeca"
"669";"Milgranet";"France, South West France (wine region)";"Rdeca"
"670";"Millot /Léon Millot";"France, Alsace";"Rdeca"
"671";"Mission";"Spain";"Rdeca"
"672";"Molinara";"Italy, Veneto wine";"Rdeca"
"673";"Mondeuse";"France, Savoy wine";"Rdeca"
"674";"Monica";"Spain, Italy-Sardinia";"Rdeca"
"675";"Montepulciano";"Italy, Abruzzo (wine)";"Rdeca"
"676";"Montu / Montuni";"Italy, Emilia (region of Italy)";"Rdeca"
"677";"Moreto";"Portugal, Alentejo wine";"Rdeca"
"678";"Moristel";"Spain, Aragon";"Rdeca"
"679";"Mornen noir";"France, Rhone";"Rdeca"
"680";"Morrastel Bouschet";"France, Aude";"Rdeca"
"681";"Mourisco tinto";"Portugal";"Rdeca"
"682";"Mourvedre / Monastrell / Mataro/ Rossola nera/Garrut";"Spain";"Rdeca"
"683";"Mouyssagues";"France, Marcillac";"Rdeca"
"684";"Mtevandidi";"Georgia, Guria";"Rdeca"
"685";"Mujuretuli";"Georgia";"Rdeca"
"686";"Muscardin";"France, Southern Rhone";"Rdeca"
"687";"Muscat Bouschet";"France";"Rdeca"
"688";"Muscat Hamburg";"Germany";"Rdeca"
"689";"Nebbiolo";"Italy, Piedmont";"Rdeca"
"690";"Negoska";"Greece, Central Macedonia";"Rdeca"
"691";"Negrara";"Italy, Veneto wine";"Rdeca"
"692";"Négrette/ Pinot St. George";"France, South West France (wine region)";"Rdeca"
"693";"Negroamaro";"Italy, Puglia";"Rdeca"
"694";"Negru de Dragasani";"Romania, Romanian wine";"Rdeca"
"695";"Nerkarat";"Armenia, Tavush Region";"Rdeca"
"696";"Nero Buono di Cori";"Italy";"Rdeca"
"697";"Nero d'Avola";"Italy, Sicily";"Rdeca"
"698";"Nerello Mascalese/ Nerello Cappuccio";"Italy, Sicily";"Rdeca"
"699";"Neretto di Bairo";"Italy";"Rdeca"
"700";"Neyret";"Italy, Valle d'Aosta DOC";"Rdeca"
"701";"Nielluccio";"France, Corsica";"Rdeca"
"702";"Ninčuša";"Croatia, Croatian wine";"Rdeca"
"703";"Nocera";"Italy, Calabrian wine";"Rdeca"
"704";"Notardomenico";"Italy, Brindisi";"Rdeca"
"705";"Oeillade noire";"France, Languedoc and Provence";"Rdeca"
"706";"Ojaleshi";"Georgia, Georgian wine";"Rdeca"
"707";"Öküzgözü";"Turkey, Elâzig Province";"Rdeca"
"708";"Oseleta";"Italy, Verona";"Rdeca"
"709";"Pais";"Spain";"Rdeca"
"710";"Pallagrello nero";"Campania, Italy";"Rdeca"
"711";"Pamid";"Bulgaria";"Rdeca"
"712";"Pascale di Cagliari";"Italy, Sardinia";"Rdeca"
"713";"Pelaverga";"Italy, Piedmont";"Rdeca"
"714";"Peloursin";"France, Rhône-Alpes";"Rdeca"
"715";"Perdal";"Portugal";"Rdeca"
"716";"Perricone/Guarnaccia";"Italy, Sicily";"Rdeca"
"717";"Persan";"France, Savoy wine";"Rdeca"
"718";"Petit Bouschet";"France, Spain, Portugal, North Africa";"Rdeca"
"719";"Petit Rouge";"Italy, Valle d'Aosta DOC";"Rdeca"
"720";"Petit Verdot";"France, South West";"Rdeca"
"721";"Piccola nera";"Italy, Trieste";"Rdeca"
"722";"Piedirosso";"Italy, Campania";"Rdeca"
"723";"Pignerol";"France, Provence wine";"Rdeca"
"724";"Pignola Valtellinese";"Italy, Valtellina";"Rdeca"
"725";"Pignolo";"Italy, Friuli-Venezia Giulia wine";"Rdeca"
"726";"Pineau d'Aunis";"France, Loire Valley (wine)";"Rdeca"
"727";"Pinot Meunier / Schwarzriesling / Müllerebe";"France";"Rdeca"
"728";"Pinot noir / Spätburgunder / Blauburgunder / Pinot nero";"France";"Rdeca"
"729";"Pinotage";"South Africa";"Rdeca"
"730";"Piquepoul noir";"France, Rhone Valley and Languedoc";"Rdeca"
"731";"Plassa";"Italy, Piedmont";"Rdeca"
"732";"Plavina / Brajda Mala / Brajdica / Bratkovina / Jurkovica / Marasovka /Modrulj / Plavac Plavina /Plavinac /Plavina Mala / Plavina Sitnah / Plavina Velka / Plavka / Plavka Mala / Velika Plavka";"Croatia, Dalmatia";"Rdeca"
"733";"Pollera nera";"Italy, Liguria wine";"Rdeca"
"734";"Portan";"France, Languedoc-Roussillon wine";"Rdeca"
"735";"Poulsard/ Plousard";"France, Jura wine";"Rdeca"
"736";"Prieto Picudo";"Spain, Province of León";"Rdeca"
"737";"Prokupac";"Serbia";"Rdeca"
"738";"Raboso";"Italy, Veneto";"Rdeca"
"739";"Ramisco";"Portugal, Colares DOC";"Rdeca"
"740";"Reberger";"Germany";"Rdeca"
"741";"Refosco / Refošk";"Italy, Friuli-Venezia Giulia wine";"Rdeca"
"742";"Rimava";"Slovakia";"Rdeca"
"743";"Roesler";"Austria";"Rdeca"
"744";"Rondinella";"Italy, Veneto";"Rdeca"
"745";"Rossese";"Italy, Liguria wine";"Rdeca"
"746";"Rossignola";"Italy, Veneto";"Rdeca"
"747";"Rossolino nero";"Italy, Valtellina, Lombardy wine";"Rdeca"
"748";"Rotberger";"Germany";"Rdeca"
"749";"Rouchet/ Ruché / Roche";"Italy, Piedmont";"Rdeca"
"750";"Rubintos";"Hungary";"Rdeca"
"751";"Ruby Cabernet";"USA, California";"Rdeca"
"752";"Rufete / Tinta Pinheira / Tinta Carvalha / Rufeta";"Portugal, Douro DOC";"Rdeca"
"753";"Sagrantino";"Italy, Umbria";"Rdeca"
"754";"Sangiovese";"Italy, Tuscany";"Rdeca"
"755";"San Giuseppe nero";"Italy, Lazio";"Rdeca"
"756";"Saperavi";"Georgia";"Rdeca"
"757";"Schiava / Trollinger";"Italy, Trentino-Alto Adige/Südtirol wine";"Rdeca"
"758";"Schioppettino";"Italy, Friuli-Venezia Giulia wine";"Rdeca"
"759";"Schönburger";"Germany";"Rdeca"
"760";"Sciacarello";"Italy";"Rdeca"
"761";"Sciascinoso / Olivella nera";"Italy, Campania";"Rdeca"
"762";"Segalin / Ségalin";"France";"Rdeca"
"763";"Servanin";"France, Isere";"Rdeca"
"764";"Sgaretta/Sgavetta";"Italy, Emilia-Romagna";"Rdeca"
"765";"Shiraz / Syrah";"France, South West";"Rdeca"
"766";"Shiroka Melnishka Losa / Melnik";"Bulgaria";"Rdeca"
"767";"Sousao/Souzao/Sousón";"Portugal, Minho Province";"Rdeca"
"768";"St. Laurent / Svatovavrinecke";"France";"Rdeca"
"769";"Saint-Macaire";"France, South-West";"Rdeca"
"770";"Sumoll";"Spain, Catalonia";"Rdeca"
"771";"Susumaniello";"Italy, Puglia";"Rdeca"
"772";"Tannat";"France, South West France (wine region)";"Rdeca"
"773";"Tarrango";"Australia";"Rdeca"
"774";"Tazzelenghe";"Italy, Friuli-Venezia Giulia wine";"Rdeca"
"775";"Tempranillo / Tinta Roriz / Ull de Llebre / Cencibel / Tinta del Pais";"Spain, Rioja (wine)";"Rdeca"
"776";"Termarina rossa";"Italy, Emilia-Romagna";"Rdeca"
"777";"Teroldego / Teroldego Rotaliano";"Italy, Trentino-Alto Adige/Südtirol wine";"Rdeca"
"778";"Terret noir";"France, Rhone valley";"Rdeca"
"779";"Thiniatiko";"Greece";"Rdeca"
"780";"Tibouren";"France, Provence";"Rdeca"
"781";"Tinta Amarela";"Portugal";"Rdeca"
"782";"Tinta Barroca";"Portugal, Douro";"Rdeca"
"783";"Tinta Caiada";"Portugal";"Rdeca"
"784";"Tinta Carvalha";"Portugal, Trás-os-Montes e Alto Douro Province";"Rdeca"
"785";"Tinta Francisca";"Portugal, Douro DOC";"Rdeca"
"786";"Tinta Madeira";"Portugal";"Rdeca"
"787";"Tinta Miuda";"Portugal, Oeste Subregion";"Rdeca"
"788";"Tinta Negra Mole / Preto Martinho";"Portugal, Madeira";"Rdeca"
"789";"Tinto Cao";"Portugal, Douro";"Rdeca"
"790";"Touriga Franca / Touriga Francesa";"Portugal, Dao DOC";"Rdeca"
"791";"Touriga Nacional / Azal Espanhol / Preto de Mortágua";"Portugal, Douro";"Rdeca"
"792";"Turán";"Hungary";"Rdeca"
"793";"Trepat";"Spain, Conca de Barbera (DO)";"Rdeca"
"794";"Trevisana nera";"Italy, Veneto";"Rdeca"
"795";"Trincadeira/ Castelao / Torneiro";"Portugal, Alentejo wine";"Rdeca"
"796";"Usakhelauri";"Georgia, Racha-Lechkhumi and Kvemo Svaneti";"Rdeca"
"797";"Uva di Troia /Nero di Troia/ Sumarello/ Uva di Canosa/ Uva di Barletta/ Troiano/ Tranese / Uva della Marina.";"Italy, Apulia";"Rdeca"
"798";"Uvalino";"Italy, Piedmont";"Rdeca"
"799";"Uva Rara";"Italy, Piedmont and Lombardy";"Rdeca"
"800";"Uva Tosca";"Italy, Emilia-Romagna";"Rdeca"
"801";"Vaccarese / Vaccarese/ Brun Argenté";"France, Rhone";"Rdeca"
"802";"Valdiguié / Brocol / Napa Gamay / Gamay 15";"France, Languedoc-Roussillon";"Rdeca"
"803";"Valentino nero";"Italy, Piedmont";"Rdeca"
"804";"Vermentino nero";"Italy, Tuscany";"Rdeca"
"805";"Vespolina";"Italy, Piedmont";"Rdeca"
"806";"Vien de Nus";"Italy, Valle d'Aosta DOC";"Rdeca"
"807";"Volidza/Volitsa";"Greece, high altitudes in the Peloponnese region";"Rdeca"
"808";"Vranac";"Montenegro";"Rdeca"
"809";"Vuillermin";"Italy, Aosta Valley";"Rdeca"
"810";"Wildbacher/Blauer Wildbacher";"Austria";"Rdeca"
"811";"Wrothham Pinot";"France";"Rdeca"
"812";"Xinomavro";"Greece, Central Macedonia";"Rdeca"
"813";"Žametovka";"Slovenia";"Rdeca"
"814";"Zinfandel / Crljenak Kaštelanski / Primitivo";"Croatia";"Rdeca"
"815";"Zweigelt / Zweigeltrebe / Rotburger";"Austria";"Rdeca"
